"","Mesocosm","filename","Run_number","date","sample_name","level_plexiglass","species","specimen_ID","run","duplicate","ob2","ob3","ob4","ob5","ob6","ob7","other","other_count","single_threads_observed","total_threads_observed","one_good_single_break","max_load_recorded","single_threads_broke_on_run","groups_2_or_more_threads","single_threads_available_QC","max_load_QC","notes","byssus_damage","labelling.notes","analysis_date","specimen_label","max_load","max_load_check_NA","max_load_check","dist_max","median","median_last5","variance","num_threads_used","single_breaks","multiple_break_groups","total_thread_breaks","QC_flag","b1","b2","b3","b4","b5","b6","b7","b8","Food","deg.C","deg.F"
"2","21","deltas_PV_161104Specimen_RawData_7.csv",1,"11/4/16","","D","G","63",1,"0",NA,NA,NA,NA,NA,NA,NA,NA,27,40,NA,NA,27,NA,1,NA,"",0,"unknown how many single threads and groups 2 or more. There may be about 27 single threads","5/6/19","63G_",2.3994,NA,NA,0.118068422,0.13881,0.1649,0.113583119,34,32,5,44,0,32,3,2,0,0,0,0,0,"H","15",59
"4","20","deltas_PV_161114Specimen_RawData_2.csv",3,"11/14/16","","A","G","60",2,"0",1,2,NA,NA,1,1,NA,NA,4,NA,NA,NA,4,5,1,NA,"",0,"","5/6/19","20AG60",1.40394,NA,NA,0.183186828,0.17976,0.17976,0.057083146,5,19,0,19,0,19,0,0,0,0,0,0,0,"L","15",59
"5","20","deltas_PV_161114Specimen_RawData_3.csv",4,"11/14/16","","A","G","59",1,"0",NA,1,NA,NA,1,NA,NA,NA,5,NA,NA,NA,5,2,1,NA,"",0,"","5/6/19","20AG59",0.54546,NA,NA,0.038483347,0.05185,0.13575,0.097711811,9,12,5,28,0,12,1,3,0,1,0,0,0,"L","15",59
"6","20","deltas_PV_161114Specimen_RawData_4.csv",5,"11/14/16","","A","G","64 / Unk",1,"0",0,NA,NA,NA,NA,NA,NA,NA,2,NA,NA,NA,2,0,1,NA,"",0,"","5/6/19","20AG64U",0.26425,NA,NA,0.046128141,0.07409,0.07409,0.108089456,4,7,1,10,0,7,0,1,0,0,0,0,0,"L","15",59
"8","20","deltas_PV_161114Specimen_RawData_5.csv",7,"11/14/16","","B","T","61",1,"0",NA,NA,NA,NA,NA,NA,NA,NA,17,NA,NA,NA,17,1,1,NA,"",0,"The number of single threads could be from 11-25. I included my best guess for this sample. ","5/6/19","20BT61",0.31734,NA,NA,0.029472144,0.03898,0.17052,0.11286445,11,17,3,36,0,17,0,0,1,0,0,1,1,"L","15",59
"9","20","deltas_PV_161114Specimen_RawData_6.csv",8,"11/14/16","","B","T","63-2",1,"0",NA,NA,NA,NA,NA,NA,NA,NA,1,NA,NA,0.149,1,0,1,NA,"",0,"","5/6/19","20BT63.2",0.14899,NA,NA,NA,0.15497,0.15497,NA,1,12,0,12,0,12,0,0,0,0,0,0,0,"L","15",59
"11","20","deltas_PV_161114Specimen_RawData_8.csv",10,"11/14/16","","B","T","60",1,"0",NA,1,NA,NA,NA,NA,NA,NA,6,NA,NA,NA,6,1,1,NA,"",0,"","5/6/19","20BT60",0.35281,NA,NA,0.159741667,0.159,0.159,0.075074658,5,10,0,10,0,10,0,0,0,0,0,0,0,"L","15",59
"12","20","deltas_PV_161114Specimen_RawData_9.csv",11,"11/14/16","","B","T","57",1,"0",NA,3,NA,1,NA,NA,NA,NA,0,NA,NA,NA,0,4,0,NA,"",0,"","5/6/19","20BT57",0.4845,NA,NA,0.041893005,0.05634,0.12246,0.067081891,11,16,4,27,0,16,2,1,1,0,0,0,0,"L","15",59
"13","6","deltas_PV_161216Specimen_RawData_1.csv",12,"12/16/16","","D","G","44",1,"0",1,2,NA,NA,NA,NA,NA,NA,5,NA,NA,NA,5,3,1,NA,"",0,"","5/6/19","6DG_44",0.70196,NA,NA,0.039607871,0.055645,0.09421,0.077277641,10,18,3,29,0,18,0,1,2,0,0,0,0,"H","15",59
"14","6","",13,"12/16/16","","D","G","45",1,"0",NA,NA,NA,NA,NA,NA,NA,NA,8,NA,NA,NA,8,0,1,NA,"",4,"This datafile does not show up here...",NA,NA,NA,NA,NA,NA,NA,NA,NA,NA,NA,NA,NA,NA,NA,NA,NA,NA,NA,NA,NA,NA,"H","15",59
"15","6","deltas_PV_161216Specimen_RawData_3.csv",14,"12/16/16","","D","G","43",1,"0",NA,NA,NA,1,NA,NA,NA,NA,4,NA,NA,NA,4,1,1,NA,"",0,"","5/6/19","6DG_Unk",0.12815,NA,NA,NA,0.13758,0.13758,NA,1,1,0,1,1,1,0,0,0,0,0,0,0,"H","15",59
"16","15","deltas_PV_161216Specimen_RawData_5.csv",15,"12/16/16","","B","T","21",1,"0",NA,1,NA,NA,NA,NA,1,8,2,NA,NA,NA,2,2,1,NA,"",0,"","5/6/19","15BT_21",0.21588,NA,NA,0.048072173,0.04915,0.04915,0.111000071,3,21,1,25,0,21,0,0,1,0,0,0,0,"L","18",64.4
"17","15","deltas_PV_161216Specimen_RawData_6.csv",16,"12/16/16","","B","T","19",1,"0",NA,NA,1,NA,NA,1,NA,NA,8,NA,NA,NA,8,2,1,NA,"",0,"","5/6/19","15BT_19",0.60469,NA,NA,0.14765406,0.15481,0.19272,0.071814034,11,28,0,28,0,28,0,0,0,0,0,0,0,"L","18",64.4
"18","15","deltas_PV_161216Specimen_RawData_7.csv",17,"12/16/16","","A","G","19",1,"0",1,1,1,NA,NA,NA,NA,NA,1,NA,NA,NA,1,3,1,NA,"",0,"","5/6/19","15AG_19",0.221,NA,NA,0.015087319,0.01821,0.01645,0.085248399,6,6,2,18,0,6,0,0,1,0,0,0,1,"L","18",64.4
"19","15","",18,"12/16/16","","A","G","22",1,"0",NA,NA,NA,NA,1,NA,NA,NA,0,NA,NA,NA,0,1,0,NA,"",4,"",NA,NA,NA,NA,NA,NA,NA,NA,NA,NA,NA,NA,NA,NA,NA,NA,NA,NA,NA,NA,NA,NA,"L","18",64.4
"20","6","deltas_PV_161217Specimen_RawData_2.csv",19,"12/17/16","","C","T","42",1,"0",NA,NA,NA,NA,NA,NA,NA,NA,9,NA,NA,NA,9,0,1,NA,"",0,"","5/6/19","6CT_42",0.30066,NA,NA,0.020498569,0.03223,0.03223,0.123265438,5,18,2,28,0,18,1,0,0,0,0,0,1,"H","15",59
"22","6","deltas_PV_161217Specimen_RawData_4.csv",21,"12/17/16","","C","T","43",2,"0",NA,NA,NA,NA,NA,NA,NA,NA,6,NA,NA,NA,6,0,1,NA,"",0,"","5/6/19","6CT_43_run2",0.34031,NA,NA,0.0856577,0.084,0.08001,0.049631112,6,20,1,22,0,20,1,0,0,0,0,0,0,"H","15",59
"23","15","deltas_PV_161217Specimen_RawData_5.csv",22,"12/17/16","","C","G","17",1,"0",NA,NA,NA,NA,NA,NA,NA,NA,0,NA,NA,NA,0,0,0,NA,"did not clamp sample",4,"","5/6/19","15CG_17",0.12803,NA,NA,0.055282771,0.04776,0.04776,0.019157081,5,17,0,17,0,17,0,0,0,0,0,0,0,"L","18",64.4
"25","15","deltas_PV_161217Specimen_RawData_7.csv",24,"12/17/16","","C","G","21",2,"0",1,NA,NA,NA,NA,NA,NA,NA,15,NA,NA,0.159,15,1,1,NA,"",0,"","5/6/19","15CG_21_run2",0.15933,NA,NA,0.038808439,0.06478,0.06478,0.054706539,5,8,0,8,0,8,0,0,0,0,0,0,0,"L","18",64.4
"26","15","",25,"12/17/16","","C","G","Unk",1,"0",NA,NA,NA,NA,NA,NA,NA,NA,0,NA,NA,NA,0,0,0,NA,"not attached, not sure if damaged prior?",4,"",NA,NA,NA,NA,NA,NA,NA,NA,NA,NA,NA,NA,NA,NA,NA,NA,NA,NA,NA,NA,NA,NA,"L","18",64.4
"28","16","",27,"12/18/16","","A","T","32",2,"0",NA,NA,NA,NA,NA,NA,NA,NA,5,NA,NA,0.016,5,0,1,NA,"",0,"Not much data on how many threads broke for this day",NA,NA,NA,NA,NA,NA,NA,NA,NA,NA,NA,NA,NA,NA,NA,NA,NA,NA,NA,NA,NA,NA,"L","18",64.4
"30","16","deltas_PV_161218Specimen_RawData_4.csv",29,"12/18/16","","A","T","26",2,"0",NA,1,NA,NA,NA,NA,NA,NA,NA,NA,NA,NA,NA,1,2,NA,"",0,"Not much data on how many threads broke for this day","5/6/19","16AT_26_run2",0.19149,NA,NA,0.173666867,0.09065,0.09065,0.119034356,2,4,0,4,1,4,0,0,0,0,0,0,0,"L","18",64.4
"31","16","deltas_PV_161218Specimen_RawData_5.csv",30,"12/18/16","","A","T","Unk",1,"0",NA,NA,NA,NA,NA,1,NA,NA,NA,NA,NA,NA,NA,1,2,NA,"",0,"Not much data on how many threads broke for this day","5/6/19","16AT_Unk",0.1473,NA,NA,NA,0.14654,0.14654,NA,1,2,0,2,1,2,0,0,0,0,0,0,0,"L","18",64.4
"32","16","",31,"12/18/16","","A","T","27",1,"0",NA,NA,NA,NA,NA,NA,NA,NA,NA,NA,NA,NA,0,0,0,NA,"",0,"Not much data on how many threads broke for this day",NA,NA,NA,NA,NA,NA,NA,NA,NA,NA,NA,NA,NA,NA,NA,NA,NA,NA,NA,NA,NA,NA,"L","18",64.4
"33","17","deltas_PV_161218Specimen_RawData_6.csv",32,"12/18/16","","A","T","40",1,"0",1,1,NA,NA,NA,NA,NA,NA,NA,NA,NA,NA,NA,2,2,NA,"",0,"Not much data on how many threads broke for this day","5/6/19","17AT_40",0.55607,NA,NA,0.033848612,0.061,0.10541,0.102775747,26,42,10,74,0,42,6,0,1,2,1,0,0,"L","12",53.6
"34","17","deltas_PV_161218Specimen_RawData_7.csv",33,"12/18/16","","A","T","35",1,"0",NA,NA,NA,NA,NA,NA,NA,NA,NA,NA,NA,NA,NA,0,2,NA,"",0,"Not much data on how many threads broke for this day","5/6/19","17AT_35",0.28481,NA,NA,0.009645315,0.00951,0.00951,0.092032653,7,0,9,29,1,0,7,0,0,0,0,1,1,"L","12",53.6
"35","17","",34,"12/18/16","","A","T","39",1,"0",NA,NA,NA,NA,NA,NA,NA,NA,NA,NA,NA,NA,0,0,0,NA,"muap",2,"Not much data on how many threads broke for this day",NA,NA,NA,NA,NA,NA,NA,NA,NA,NA,NA,NA,NA,NA,NA,NA,NA,NA,NA,NA,NA,NA,"L","12",53.6
"37","16","deltas_PV_161218Specimen_RawData_9.csv",36,"","","C","T","29",2,"0",NA,NA,NA,NA,NA,NA,NA,NA,NA,NA,NA,NA,NA,NA,2,NA,"",0,"","5/6/19","16CT_29_run2",0.16028,NA,NA,0.019271226,0.02222,0.02217,0.059866169,6,8,2,18,0,8,0,1,0,0,0,1,0,"L","18",64.4
"38","16","deltas_PV_161218_2Specimen_RawData_1.csv",37,"12/18/16","","C","T","30",1,"0",NA,NA,NA,NA,NA,NA,NA,NA,NA,NA,NA,NA,NA,0,2,NA,"",0,"Not much data on how many threads broke for this day","5/6/19","16CT_30",0.20278,NA,NA,0.11552128,0.10047,0.07551,0.037490988,9,9,0,9,0,9,0,0,0,0,0,0,0,"L","18",64.4
"39","16","deltas_PV_161218_2Specimen_RawData_2.csv",38,"12/18/16","","C","T","28",1,"0",NA,NA,NA,NA,NA,NA,NA,NA,NA,NA,NA,NA,NA,0,2,NA,"",0,"Not much data on how many threads broke for this day","5/6/19","16CT_28",0.0126,NA,NA,NA,0.00839,0.00839,NA,1,0,1,2,1,0,1,0,0,0,0,0,0,"L","18",64.4
"40","16","deltas_PV_161218_2Specimen_RawData_3.csv",39,"12/18/16","","D","G","27",1,"0",1,NA,NA,NA,NA,NA,NA,NA,NA,NA,NA,NA,NA,1,2,NA,"",0,"Not much data on how many threads broke for this day","5/6/19","16DG_27",0.05222,NA,NA,0.011347675,0.014333333,0.014333333,0.008850026,4,4,0,4,1,4,0,0,0,0,0,0,0,"L","18",64.4
"42","16","deltas_PV_161218_2Specimen_RawData_5.csv",41,"","","D","G","31",2,"0",NA,NA,NA,NA,NA,NA,NA,NA,NA,NA,NA,NA,NA,NA,2,NA,"",0,"","5/6/19","16DG_31_run2",0.05678,NA,NA,0.026185051,0.01431,0.01431,0.017027131,2,10,0,10,0,10,0,0,0,0,0,0,0,"L","18",64.4
"43","16","deltas_PV_161218_2Specimen_RawData_6.csv",42,"12/18/16","","D","G","25",1,"0",NA,NA,NA,NA,NA,NA,NA,NA,NA,NA,NA,NA,NA,0,2,NA,"",0,"Not much data on how many threads broke for this day","5/6/19","16DG_25",0.05567,NA,NA,0.008140329,0.01136,0.01136,0.009192932,4,0,8,16,1,0,8,0,0,0,0,0,0,"L","18",64.4
"44","16","deltas_PV_161218_2Specimen_RawData_7.csv",43,"12/18/16","","B","G","30",1,"0",NA,NA,NA,NA,NA,NA,NA,NA,NA,NA,NA,NA,NA,0,2,NA,"",0,"Not much data on how many threads broke for this day","5/6/19","16BG_30",0.63762,NA,NA,0.076042977,0.11965,0.11965,0.10158954,11,40,2,45,0,40,1,1,0,0,0,0,0,"L","18",64.4
"45","16","deltas_PV_161218_2Specimen_RawData_8.csv",44,"12/18/16","","B","G","29",1,"0",NA,NA,NA,NA,NA,NA,NA,NA,NA,NA,NA,NA,NA,0,2,NA,"",0,"Not much data on how many threads broke for this day","5/6/19","16BG_29",0.30305,NA,0.17305,0.026069061,0.03093,0.0481,0.02372381,7,13,2,17,0,13,2,0,0,0,0,0,0,"L","18",64.4
"46","16","deltas_PV_161221_1Specimen_RawData_1.csv",45,"12/21/16","","B","G","32",1,"0",NA,1,NA,NA,NA,NA,NA,NA,15,NA,NA,NA,15,1,1,NA,"",0,"","5/6/19","16BG_32",0.13547,NA,NA,0.007093173,0.00917,0.00516,0.052289992,6,0,23,58,1,0,21,0,0,0,0,0,2,"L","18",64.4
"47","23","deltas_PV_161221_1Specimen_RawData_2.csv",46,"12/21/16","","D","G","81",1,"0",NA,1,NA,NA,NA,NA,NA,NA,NA,NA,NA,NA,NA,1,2,NA,"",0,"","5/6/19","23DGG_81",0.23561,NA,NA,0.082089761,0.07898,0.07898,0.048196008,7,17,1,19,0,17,1,0,0,0,0,0,0,"H","21",69.8
"49","23","deltas_PV_161221_1Specimen_RawData_4.csv",48,"12/21/16","","D","G","88",2,"0",NA,NA,NA,NA,NA,NA,NA,NA,15,NA,NA,NA,15,0,1,NA,"",0,"","5/6/19","23DG_88_run2",0.0179,NA,NA,0.002522458,0.002755102,0.002361516,0.001823972,7,0,7,56,1,0,0,0,0,0,0,0,7,"H","21",69.8
"50","23","deltas_PV_161221_1Specimen_RawData_5.csv",49,"12/21/16","","D","G","86",1,"0",1,NA,NA,NA,NA,NA,NA,NA,19,NA,NA,NA,19,1,1,NA,"",0,"","5/6/19","23DG_86",0.30989,NA,NA,0.023002289,0.02661,0.02661,0.079744623,11,13,5,35,0,13,3,0,0,0,0,0,2,"H","21",69.8
"51","24","deltas_PV_161221_1Specimen_RawData_6.csv",50,"12/21/16","","D","G","94",1,"0",1,1,1,NA,NA,NA,NA,NA,14,NA,NA,NA,14,3,1,NA,"",0,"","5/6/19","24BG_94",0.28789,NA,NA,0.114270235,0.12561,0.12561,0.074527515,3,14,0,14,0,14,0,0,0,0,0,0,0,"H","18",64.4
"54","24","deltas_PV_161221_1Specimen_RawData_9.csv",53,"12/21/16","","B","G","95",3,"0",NA,NA,NA,NA,NA,NA,NA,NA,4,NA,NA,NA,4,0,1,NA,"muap",2,"","5/6/19","24BG_95_run3",0.04333,NA,NA,0.005336168,0.005812449,0.005812449,0.012965082,5,0,5,20,1,0,0,0,5,0,0,0,0,"H","18",64.4
"55","24","deltas_PV_161221_1Specimen_RawData_10.csv",54,"12/21/16","","B","G","96",1,"0",NA,1,NA,NA,NA,NA,NA,NA,14,NA,NA,NA,14,1,1,NA,"",0,"","5/6/19","24BG_96",0.59025,NA,NA,0.076441687,0.100285,0.09108,0.094317058,12,27,2,32,0,27,1,1,0,0,0,0,0,"H","18",64.4
"56","24","deltas_PV_161221_2Specimen_RawData_1.csv",55,"12/21/16","","U","T","89",1,"0",NA,3,NA,1,NA,NA,NA,NA,25,NA,NA,NA,25,4,1,NA,"",0,"","5/6/19","24T_89",0.18898,NA,NA,0.027656516,0.0355,0.0291,0.040883272,11,11,3,19,0,11,2,0,1,0,0,0,0,"H","18",64.4
"57","24","deltas_PV_161221_2Specimen_RawData_2.csv",56,"12/21/16","","U","T","90",1,"0",NA,NA,NA,NA,NA,NA,1,16,20,NA,NA,NA,20,1,1,NA,"",0,"","5/6/19","24T_90",1.06486,NA,NA,0.020692935,0.02161,0.02161,0.046181036,3,7,3,25,0,7,0,0,0,2,0,0,1,"H","18",64.4
"58","22","deltas_PV_161223Specimen_RawData_1.csv",57,"12/23/16","","D","T","76",1,"0",3,1,NA,NA,NA,NA,NA,NA,30,NA,NA,NA,30,4,1,NA,"muap",2,"","5/6/19","22DT_76",0.26583,NA,NA,0.082759901,0.08909,0.07871,0.044304534,13,44,0,44,0,44,0,0,0,0,0,0,0,"H","18",64.4
"59","22","deltas_PV_161223Specimen_RawData_2.csv",58,"12/23/16","","D","T","77",1,"0",NA,NA,NA,NA,NA,NA,NA,NA,14,NA,NA,NA,14,0,1,NA,"",0,"","5/6/19","22DT_77",0.02078,NA,NA,0.009646303,0.01082,0.01082,0.001682914,2,0,2,4,1,0,2,0,0,0,0,0,0,"H","18",64.4
"60","22","deltas_PV_161223Specimen_RawData_3.csv",59,"12/23/16","","D","T","78",1,"0",NA,NA,NA,NA,NA,NA,NA,NA,13,NA,NA,NA,13,0,1,NA,"",0,"","5/6/19","22DT_78",0.12982,NA,NA,0.022740803,0.02422,0.02422,0.056364382,3,3,1,8,1,3,0,0,0,1,0,0,0,"H","18",64.4
"61","22","",60,"12/23/16","","D","T","79",1,"0",1,NA,NA,NA,NA,NA,NA,NA,3,NA,NA,NA,3,1,1,NA,"",0,"",NA,NA,NA,NA,NA,NA,NA,NA,NA,NA,NA,NA,NA,NA,NA,NA,NA,NA,NA,NA,NA,NA,"H","18",64.4
"62","22","",61,"12/23/16","","C","G","76",1,"0",NA,NA,NA,NA,NA,NA,NA,NA,5,NA,NA,NA,5,0,1,NA,"",0,"",NA,NA,NA,NA,NA,NA,NA,NA,NA,NA,NA,NA,NA,NA,NA,NA,NA,NA,NA,NA,NA,NA,"H","18",64.4
"63","22","deltas_PV_161223Specimen_RawData_6.csv",62,"12/23/16","","C","G","75",1,"0",1,NA,NA,NA,NA,NA,NA,NA,22,NA,NA,NA,22,1,1,NA,"",0,"This label is marked on the instron file as 22BG but it is actually 22CG","5/6/19","22BG_75",0.92771,NA,NA,0.28503699,0.24693,0.2835,0.128763183,7,19,0,19,0,19,0,0,0,0,0,0,0,"H","18",64.4
"64","24","deltas_PV_161223Specimen_RawData_7.csv",63,"12/23/16","","D","G","92",1,"0",NA,NA,NA,NA,NA,NA,NA,NA,3,NA,NA,NA,3,0,1,NA,"muap",2,"","5/6/19","24DG_92",0.21653,NA,NA,NA,0.23787,0.23787,NA,1,7,0,7,0,7,0,0,0,0,0,0,0,"H","18",64.4
"65","24","deltas_PV_161223Specimen_RawData_8.csv",64,"12/23/16","","D","G","90",1,"0",NA,NA,NA,NA,NA,NA,NA,NA,10,NA,NA,NA,10,0,1,NA,"",0,"","5/6/19","24DG_90",1.01062,NA,NA,0.08062278,0.153595,0.14047,0.155665746,10,24,2,28,0,24,2,0,0,0,0,0,0,"H","18",64.4
"66","17","deltas_PV_161223Specimen_RawData_9.csv",65,"12/23/16","","B","G","40",1,"0",NA,NA,NA,NA,NA,NA,NA,NA,30,NA,NA,NA,30,0,1,NA,"",0,"This label is marked on the instron file as 17BC but it is 17BG","5/6/19","17BC_40",2.05197,NA,NA,0.116376593,0.145355,0.10013,0.122625479,20,41,5,51,0,41,5,0,0,0,0,0,0,"L","12",53.6
"67","17","deltas_PV_161223Specimen_RawData_10.csv",66,"12/23/16","","B","G","36",1,"0",NA,1,1,NA,NA,NA,1,8,28,NA,NA,NA,28,3,1,NA,"",0,"","5/6/19","17BC_36",1.60068,NA,NA,0.02839706,0.037805,0.05071,0.058774883,8,13,2,20,0,13,0,1,1,0,0,0,0,"L","12",53.6
"68","17","deltas_PV_161223_2Specimen_RawData_1.csv",67,"12/23/16","","B","G","38",1,"0",1,NA,NA,NA,NA,NA,NA,NA,21,NA,NA,NA,21,1,1,NA,"",0,"","5/6/19","17BG_38",1.53654,NA,NA,0.037093884,0.08505,0.19795,0.103170069,32,53,9,75,0,53,5,4,0,0,0,0,0,"L","12",53.6
"69","21","deltas_PV_161223_2Specimen_RawData_2.csv",68,"12/23/16","","A","T","70",1,"0",1,NA,NA,NA,NA,NA,NA,NA,10,NA,NA,NA,10,1,1,NA,"",0,"","5/6/19","21AT_70",0.31666,NA,NA,0.097382739,0.093715,0.0788,0.060400571,14,25,1,27,0,25,1,0,0,0,0,0,0,"H","15",59
"70","21","deltas_PV_161223_2Specimen_RawData_3.csv",69,"12/23/16","","A","T","67",1,"0",1,NA,NA,NA,NA,NA,NA,NA,27,NA,NA,NA,27,1,1,NA,"",0,"","5/6/19","21AT_67",0.37712,NA,NA,0.049457226,0.06785,0.16024,0.093224328,11,26,3,36,0,26,1,0,2,0,0,0,0,"H","15",59
"71","21","",70,"12/23/16","","A","T","Unk",1,"0",NA,NA,NA,NA,NA,NA,NA,NA,0,NA,NA,NA,0,0,0,NA,"root slipped, muap",2,"",NA,NA,NA,NA,NA,NA,NA,NA,NA,NA,NA,NA,NA,NA,NA,NA,NA,NA,NA,NA,NA,NA,"H","15",59
"72","23","deltas_PV_161223_2Specimen_RawData_5.csv",71,"12/23/16","","B","G","84",1,"0",NA,NA,NA,1,1,NA,NA,NA,52,NA,NA,NA,52,2,1,NA,"",0,"","5/6/19","23BG_84",1.42711,NA,NA,0.09820525,0.12415,0.15576,0.101547058,24,18,6,31,0,18,5,1,0,0,0,0,0,"H","21",69.8
"73","21","deltas_PV_161223_2Specimen_RawData_6.csv",72,"12/23/16","","B","G","64",1,"0",2,NA,NA,NA,NA,NA,NA,NA,21,NA,NA,NA,21,2,1,NA,"",0,"","5/6/19","21BG_64",0.43919,NA,0.32919,0.122478773,0.12418,0.12418,0.0324454,4,12,0,12,0,12,0,0,0,0,0,0,0,"H","15",59
"74","21","deltas_PV_161223_2Specimen_RawData_7.csv",73,"12/23/16","","B","G","65",1,"0",1,1,1,1,NA,NA,NA,NA,21,NA,NA,NA,21,4,1,NA,"",0,"","5/6/19","21BG_65",0.28197,NA,NA,0.042387307,0.062055,0.07176,0.043262571,10,10,2,14,0,10,2,0,0,0,0,0,0,"H","15",59
"75","21","deltas_PV_161223_2Specimen_RawData_8.csv",74,"12/23/16","","B","G","nolabel",1,"0",NA,NA,NA,NA,NA,NA,NA,NA,0,NA,NA,NA,0,0,0,NA,"",0,"","5/6/19","21BG_UNK",0.01081,NA,NA,NA,0.01138,0.01138,NA,1,0,1,2,1,0,1,0,0,0,0,0,0,"H","15",59
"76","21","deltas_PV_161223_2Specimen_RawData_9.csv",75,"12/23/16","","D","G","70",1,"0",1,1,NA,NA,NA,NA,NA,NA,45,NA,NA,NA,45,2,1,NA,"",0,"","5/6/19","21DG_70",1.38742,NA,NA,0.158028184,0.141095,0.0465,0.099917027,34,54,3,60,0,54,3,0,0,0,0,0,0,"H","15",59
"77","21","deltas_PV_161223_2Specimen_RawData_10.csv",76,"12/23/16","","D","G","71",1,"0",NA,NA,NA,NA,NA,NA,NA,NA,25,NA,NA,NA,25,0,1,NA,"",0,"","5/6/19","21DG_71",0.74697,NA,NA,0.166615979,0.163925,0.16111,0.097788455,16,40,1,42,0,40,1,0,0,0,0,0,0,"H","15",59
"79","21","deltas_PV_161223_3Specimen_RawData_1.csv",78,"12/23/16","","D","G","67",1,"0",NA,NA,NA,2,NA,NA,NA,NA,22,NA,NA,NA,22,2,1,NA,"",0,"","5/6/19","21DG_67",0.99029,NA,NA,0.085457863,0.1391,0.1391,0.120558632,9,27,1,30,0,27,0,1,0,0,0,0,0,"H","15",59
"80","21","deltas_PV_161223_3Specimen_RawData_2.csv",79,"12/23/16","","C","T","65",1,"0",NA,NA,NA,NA,NA,NA,1,12,14,NA,NA,NA,14,1,1,NA,"",0,"Unsure if 0 or 14 broke","5/6/19","21CT_65",0.01464,NA,NA,NA,NA,NA,NA,NA,NA,NA,NA,1,NA,NA,NA,NA,NA,NA,NA,NA,"H","15",59
"81","15","deltas_PV_161226_1Specimen_RawData_1.csv",80,"12/26/16","","D","T","27",1,"0",NA,NA,NA,NA,NA,NA,NA,NA,NA,5,NA,NA,5,0,1,NA,"muap",0,"","5/6/19","15DT_27",0.05819,NA,NA,NA,0.05612,0.05612,NA,1,1,0,1,1,1,0,0,0,0,0,0,0,"L","18",64.4
"82","15","deltas_PV_161226_1Specimen_RawData_2.csv",81,"12/26/16","","D","T","23",1,"0",NA,NA,NA,1,NA,NA,NA,NA,NA,3,NA,NA,-2,1,0,NA,"",0,"","5/6/19","15DT_23",0.28588,NA,0.28588,0.098652369,0.104555,0.104555,0.085354259,4,8,1,10,0,8,1,0,0,0,0,0,0,"L","18",64.4
"83","10","deltas_PV_161226_1Specimen_RawData_3.csv",82,"12/26/16","","A","T","63",1,"0",NA,1,NA,NA,NA,NA,NA,NA,NA,5,NA,NA,2,1,1,NA,"muap",2,"labeled as 64 in datashet","5/6/19","10AT_64",0.01466,1,NA,0.002304943,0.003072795,0.003653079,0.002975137,6,0,6,48,1,0,0,0,0,0,0,0,6,"H","21",69.8
"84","10","deltas_PV_161226_1Specimen_RawData_4.csv",83,"12/26/16","","A","T","60",1,"0",NA,NA,NA,NA,NA,NA,1,NA,NA,14,NA,NA,14,1,1,NA,"huap",1,"","5/6/19","10AT_60",0.01895,NA,NA,0.011797189,0.010155,0.010155,0.002354666,2,0,2,4,1,0,2,0,0,0,0,0,0,"H","21",69.8
"86","22","deltas_PV_161226_1Specimen_RawData_6.csv",85,"12/26/16","","A","G","78",2,"0",NA,NA,NA,NA,NA,NA,NA,NA,NA,17,NA,NA,17,0,1,NA,"",0,"","5/6/19","22AG_78",0.48193,NA,NA,0.063611767,0.0682,0.07817,0.102281797,14,30,2,39,0,30,0,0,1,1,0,0,0,"H","18",64.4
"87","22","deltas_PV_161226_1Specimen_RawData_7.csv",86,"12/26/16","","A","G","80",1,"0",NA,NA,NA,NA,NA,NA,NA,NA,NA,1,NA,NA,1,0,1,NA,"huap",1,"6 of 36 threads cut during previous run","5/6/19","22AG_80",0.17213,NA,NA,0.147231129,0.122835,0.122835,0.034980572,2,6,0,6,0,6,0,0,0,0,0,0,0,"H","18",64.4
"88","22","deltas_PV_161226_1Specimen_RawData_8.csv",87,"12/26/16","","A","G","77",1,"0",NA,NA,NA,NA,NA,NA,NA,NA,NA,6,NA,NA,6,0,1,NA,"",0,"","5/6/19","22AG_77",0.13139,NA,NA,0.092067092,0.09008,0.09008,0.018263804,3,7,0,7,0,7,0,0,0,0,0,0,0,"H","18",64.4
"89","13","deltas_PV_161226_1Specimen_RawData_9.csv",88,"12/26/16","","A","T","2",1,"0",NA,NA,NA,NA,NA,NA,NA,NA,NA,11,NA,NA,11,0,1,NA,"",0,"","5/6/19","13AT_2",0.10271,NA,NA,0.09932956,0.09485,0.09485,0.026221156,3,5,0,5,0,5,0,0,0,0,0,0,0,"H","15",59
"90","13","deltas_PV_161226_1Specimen_RawData_10.csv",89,"12/26/16","","A","T","3",1,"0",NA,NA,NA,NA,NA,NA,NA,NA,NA,8,NA,NA,8,0,1,NA,"",0,"","5/6/19","13AT_3",0.34805,NA,NA,0.180849543,0.18085,0.18085,0.111141939,5,17,0,17,0,17,0,0,0,0,0,0,0,"H","15",59
"91","11","deltas_PV_161226_2Specimen_RawData_1.csv",90,"12/26/16","","B","G","84",1,"0",2,NA,NA,NA,NA,NA,1,8,NA,9,NA,NA,-3,3,0,NA,"",2,"","5/6/19","11BG_84",0.83001,NA,NA,0.062668336,0.08945,0.09572,0.124922486,13,23,2,30,0,23,0,1,1,0,0,0,0,"L","18",64.4
"93","11","deltas_PV_161226_2Specimen_RawData_3.csv",92,"12/26/16","","B","G","81.2",2,"0",NA,NA,NA,NA,NA,NA,NA,NA,NA,4,NA,0.141,4,0,1,NA,"muap",2,"","5/6/19","11BG_81_2_run2",0.05442,NA,NA,0.016171018,0.01692,0.01692,0.002625992,3,6,0,6,0,6,0,0,0,0,0,0,0,"L","18",64.4
"94","11","deltas_PV_161226_2Specimen_RawData_4.csv",93,"12/26/16","","B","G","81.1",1,"0",NA,NA,NA,NA,NA,NA,NA,NA,NA,3,NA,NA,3,0,1,NA,"",2,"","5/6/19","11BG_81_1",0.25816,NA,NA,0.027420986,0.065665,0.065665,0.054710096,4,10,0,10,0,10,0,0,0,0,0,0,0,"L","18",64.4
"95","14","deltas_PV_161226_2Specimen_RawData_5.csv",94,"12/26/16","","C","G","15",1,"0",1,NA,NA,NA,NA,NA,NA,NA,NA,8,NA,NA,6,1,1,NA,"",0,"","5/6/19","14CG_15",0.31998,NA,NA,0.161502841,0.151765,0.14343,0.073162216,6,18,0,18,0,18,0,0,0,0,0,0,0,"H","12",53.6
"96","14","deltas_PV_161226_2Specimen_RawData_6.csv",95,"12/26/16","","C","G","13",1,"0",NA,NA,NA,NA,NA,NA,NA,NA,NA,5,NA,NA,5,0,1,NA,"",0,"","5/6/19","14CG_13",0.82696,NA,NA,0.069055558,0.08271,0.08271,0.145586528,7,14,3,23,0,14,2,0,0,1,0,0,0,"H","12",53.6
"97","14","deltas_PV_161226_2Specimen_RawData_7.csv",96,"12/26/16","","C","G","12",1,"0",1,NA,NA,NA,NA,NA,NA,NA,NA,10,NA,NA,8,1,1,NA,"",0,"","5/6/19","14CG_12",0.33605,NA,NA,0.1008362,0.11996,0.12079,0.092633157,6,21,1,23,0,21,1,0,0,0,0,0,0,"H","12",53.6
"98","18","deltas_PV_170107_1Specimen_RawData_1.csv",97,"1/7/16","","C","T","45",1,"0",NA,NA,NA,NA,NA,NA,NA,NA,NA,11,NA,NA,11,0,1,NA,"",0,"","5/6/19","18CT_45",0.05629,NA,NA,0.009014239,0.013525,0.01781,0.015317473,6,15,0,15,0,15,0,0,0,0,0,0,0,"L","15",59
"99","18","deltas_PV_170107_1Specimen_RawData_2.csv",98,"1/7/16","","C","T","NT1",1,"0",NA,NA,NA,NA,NA,NA,NA,NA,NA,12,NA,NA,12,0,1,NA,"",0,"","5/6/19","18CT_NT1",0.0161,NA,NA,0.003027474,0.008605,0.008605,0.007997378,2,0,3,6,1,0,3,0,0,0,0,0,0,"L","15",59
"100","18","deltas_PV_170107_1Specimen_RawData_3.csv",99,"1/7/16","","C","T","NT2",1,"0",1,NA,NA,NA,NA,NA,NA,NA,NA,8,NA,NA,6,1,1,NA,"",0,"","5/6/19","18_CTNT2",0.07079,NA,NA,0.056267591,0.048175,0.048175,0.011603622,2,8,0,8,0,8,0,0,0,0,0,0,0,"L","15",59
"101","18","deltas_PV_170107_1Specimen_RawData_4.csv",100,"1/7/16","","D","T","44",1,"0",NA,NA,NA,NA,NA,NA,NA,NA,NA,4,NA,NA,4,0,1,NA,"",0,"","5/6/19","18DT_44",0.20391,NA,NA,NA,0.21552,0.21552,NA,1,4,0,4,1,4,0,0,0,0,0,0,0,"L","15",59
"102","18","deltas_PV_170107_1Specimen_RawData_5.csv",101,"1/7/16","","D","T","41",1,"0",1,NA,NA,NA,NA,NA,NA,NA,NA,13,NA,NA,11,1,1,NA,"",0,"","5/6/19","DT18_41",0.02543,NA,NA,0.008469102,0.007045,0.00825,0.00193941,6,0,12,36,1,0,0,12,0,0,0,0,0,"L","15",59
"103","18","deltas_PV_170107_1Specimen_RawData_6.csv",102,"1/7/16","","D","T","47",1,"0",NA,NA,NA,1,NA,NA,NA,NA,NA,23,NA,NA,18,1,1,NA,"",0,"","5/6/19","18DT_47",0.09977,NA,NA,0.022735418,0.03261,0.03261,0.021929671,5,21,2,25,0,21,2,0,0,0,0,0,0,"L","15",59
"104","17","deltas_PV_170107_1Specimen_RawData_7.csv",103,"1/7/16","","C","T","33",1,"0",NA,NA,NA,NA,NA,NA,NA,NA,NA,2,NA,NA,2,0,1,NA,"",0,"","5/6/19","17CT_33",0.18647,NA,NA,0.145704315,0.09778,0.09778,0.068716637,2,8,0,8,0,8,0,0,0,0,0,0,0,"L","12",53.6
"105","17","deltas_PV_170107_1Specimen_RawData_8.csv",104,"1/7/16","","C","T","36",1,"0",NA,1,1,NA,NA,NA,NA,NA,NA,14,NA,NA,7,2,1,NA,"",0,"","5/6/19","17CT_36",0.72786,NA,NA,0.046260776,0.056225,0.07605,0.10563182,22,27,5,46,0,27,2,0,2,0,0,1,0,"L","12",53.6
"106","18","deltas_PV_170107_1Specimen_RawData_9.csv",105,"1/7/16","","A","T","41",1,"0",NA,NA,NA,NA,NA,NA,NA,NA,NA,13,NA,NA,13,0,1,NA,"",0,"","5/6/19","18AT_41",0.04672,NA,NA,0.006945719,0.008965,0.00693,0.005000434,6,0,12,24,1,0,12,0,0,0,0,0,0,"L","15",59
"107","18","deltas_PV_170107_1Specimen_RawData_10.csv",106,"1/7/16","","A","T","47",1,"0",NA,NA,NA,NA,NA,NA,NA,NA,NA,5,NA,NA,5,0,1,NA,"",0,"","5/6/19","18AT_47/49",0.188,NA,NA,0.111005517,0.10943,0.10943,0.015544014,4,9,0,9,0,9,0,0,0,0,0,0,0,"L","15",59
"108","17","deltas_PV_170107_2Specimen_RawData_1.csv",107,"1/7/16","","D","G","39",1,"0",1,NA,NA,NA,1,NA,NA,NA,NA,16,NA,NA,8,2,1,NA,"",0,"","5/6/19","17DG_39",1.63142,NA,NA,0.050415201,0.09089,0.1345,0.083838538,20,55,3,63,0,55,1,2,0,0,0,0,0,"L","12",53.6
"110","17","deltas_PV_170107_2Specimen_RawData_3.csv",109,"1/7/16","","D","G","35",1,"0",2,NA,NA,NA,NA,NA,NA,NA,NA,10,NA,NA,6,2,1,NA,"",0,"","5/6/19","17DG_35",0.3961,NA,NA,0.180115135,0.14716,0.14716,0.082092476,9,19,0,19,0,19,0,0,0,0,0,0,0,"L","12",53.6
"111","17","deltas_PV_170107_2Specimen_RawData_4.csv",110,"1/7/16","","D","G","37",1,"0",1,NA,NA,NA,NA,NA,NA,NA,NA,16,NA,NA,14,1,1,NA,"",0,"","5/6/19","17DG_37",1.09597,NA,NA,0.061740445,0.14336,0.22431,0.126624237,18,49,3,55,0,49,3,0,0,0,0,0,0,"L","12",53.6
"112","3","deltas_PV_170107_2Specimen_RawData_5.csv",111,"1/7/16","","A","G","24",1,"0",1,NA,NA,NA,NA,NA,NA,NA,NA,8,NA,NA,6,1,1,NA,"huap",1,"","5/6/19","3AG_24",0.03907,NA,0.03407,NA,0.02457,0.02457,NA,1,4,0,4,1,4,0,0,0,0,0,0,0,"H","12",53.6
"113","3","deltas_PV_170107_2Specimen_RawData_6.csv",112,"1/7/16","","A","G","19",1,"0",NA,NA,NA,NA,NA,NA,NA,NA,NA,8,NA,NA,8,0,1,NA,"",0,"","5/6/19","3AG_19",0.51913,NA,NA,0.028071718,0.03871,0.1219,0.095710624,10,15,3,30,0,15,0,1,1,0,0,0,1,"H","12",53.6
"114","3","deltas_PV_170107_2Specimen_RawData_7.csv",113,"1/7/16","","A","G","22",1,"0",NA,NA,NA,NA,NA,NA,NA,NA,NA,16,NA,NA,16,0,1,NA,"",0,"","5/6/19","3AG_22",0.73679,NA,NA,0.028184738,0.04259,0.05714,0.085025103,23,27,6,50,0,27,3,0,1,0,1,1,0,"H","12",53.6
"115","20","deltas_PV_170107_2Specimen_RawData_8.csv",114,"1/7/16","","C","G","58",1,"0",1,NA,NA,NA,NA,NA,NA,NA,NA,5,NA,NA,3,1,1,NA,"",0,"","5/6/19","20CG_58",0.70788,NA,NA,NA,0.02722,0.02722,NA,1,2,0,2,1,2,0,0,0,0,0,0,0,"L","15",59
"116","20","deltas_PV_170108_0Specimen_RawData_1.csv",115,"1/8/17","","C","G","57",1,"0",NA,NA,NA,NA,NA,NA,NA,NA,NA,1,NA,NA,1,0,1,NA,"muap",2,"","5/6/19","20CG_57",0.01203,1,NA,NA,NA,NA,NA,NA,NA,NA,NA,1,NA,NA,NA,NA,NA,NA,NA,NA,"L","15",59
"117","20","deltas_PV_170108_0Specimen_RawData_2.csv",116,"1/8/17","","C","G","61",1,"0",NA,NA,NA,NA,NA,NA,NA,NA,NA,5,NA,NA,5,0,1,NA,"muap",2,"","5/6/19","20CG_61",0.02239,NA,NA,NA,0.01512,0.01512,NA,1,1,0,1,1,1,0,0,0,0,0,0,0,"L","15",59
"118","20","deltas_PV_170108_0Specimen_RawData_3.csv",117,"1/8/17","","C","G","63",1,"0",1,NA,1,NA,NA,NA,NA,NA,NA,16,NA,NA,10,2,1,NA,"stopped bc tangled",4,"Power outage but files were not damaged","5/6/19","20CG_63",0.05759,NA,NA,0.012061244,0.0138,0.0138,0.013238142,4,9,0,9,0,9,0,0,0,0,0,0,0,"L","15",59
"119","11","deltas_PV_170108_2Specimen_RawData_1.csv",118,"1/8/17","","C","G","U2",1,"0",1,NA,NA,NA,NA,NA,NA,NA,NA,15,NA,NA,13,1,1,NA,"",0,"","5/6/19","11DG_Unk2",0.18525,NA,NA,0.031539326,0.07706,0.07706,0.078633391,4,6,1,8,0,6,1,0,0,0,0,0,0,"L","18",64.4
"120","11","deltas_PV_170108_2Specimen_RawData_2.csv",119,"1/8/17","","D","G","U1",1,"0",NA,NA,NA,NA,NA,NA,NA,NA,NA,13,NA,NA,13,0,1,NA,"",0,"","5/6/19","11DG_unk1",0.74045,NA,NA,0.112975179,0.13641,0.13641,0.148692189,9,21,2,26,0,21,1,1,0,0,0,0,0,"L","18",64.4
"121","11","deltas_PV_170108_2Specimen_RawData_3.csv",120,"1/8/17","","D","G","85",1,"0",NA,NA,NA,NA,NA,NA,NA,NA,NA,3,NA,NA,3,0,1,NA,"",0,"","5/6/19","11DG_85",0.06319,NA,0.04319,0.030232792,0.018915,0.018915,0.016228101,2,4,0,4,1,4,0,0,0,0,0,0,0,"L","18",64.4
"122","13","deltas_PV_170108_2Specimen_RawData_4.csv",121,"1/8/17","","D","G","7",1,"0",NA,NA,1,1,NA,NA,NA,NA,NA,15,NA,NA,6,2,1,NA,"",0,"","5/6/19","13DG_7",0.0696,NA,NA,0.011239009,0.013795,0.02119,0.012799519,8,10,0,10,0,10,0,0,0,0,0,0,0,"H","15",59
"123","13","deltas_PV_170108_2Specimen_RawData_5.csv",122,"1/8/17","","D","G","5",1,"0",NA,NA,NA,NA,1,NA,NA,NA,NA,29,NA,NA,23,1,1,NA,"",0,"","5/6/19","13DG_5",0.54248,NA,NA,0.032256527,0.04407,0.03178,0.172019877,7,10,2,20,0,10,1,0,0,0,0,0,1,"H","15",59
"124","13","deltas_PV_170108_2Specimen_RawData_6.csv",123,"1/8/17","","D","G","U",1,"0",NA,NA,NA,NA,NA,NA,NA,NA,NA,10,NA,NA,10,0,1,NA,"",0,"","5/6/19","13DG_unk",0.18153,NA,NA,0.132309031,0.12327,0.13009,0.049124909,6,15,0,15,0,15,0,0,0,0,0,0,0,"H","15",59
"125","9","deltas_PV_170108_2Specimen_RawData_7.csv",124,"1/8/17","","B","T","74",1,"1?",NA,NA,NA,NA,NA,NA,NA,NA,NA,NA,NA,NA,0,0,0,NA,"",0,"","5/6/19","9BT_74",0.29177,NA,NA,0.039814636,0.04386,0.05533,0.061280382,8,8,1,13,0,8,0,0,0,1,0,0,0,"L","12",53.6
"126","9","deltas_PV_170108_2Specimen_RawData_8.csv",125,"1/8/17","","B","T","74",2,"1?",NA,NA,NA,NA,NA,NA,NA,NA,NA,11,NA,NA,11,0,1,NA,"",0,"","5/6/19","9BT_74_2",0.16759,NA,NA,0.062672091,0.07123,0.07123,0.055277339,3,6,1,8,0,6,1,0,0,0,0,0,0,"L","12",53.6
"127","9","deltas_PV_170108_2Specimen_RawData_9.csv",126,"1/8/17","","B","T","78",1,"0",NA,NA,NA,NA,NA,NA,NA,NA,NA,9,NA,NA,9,0,1,NA,"",0,"","5/6/19","9BT_78",0.08908,NA,NA,0.032240524,0.03165,0.03165,0.025400024,3,19,1,21,0,19,1,0,0,0,0,0,0,"L","12",53.6
"128","2","deltas_PV_170108_2Specimen_RawData_10.csv",127,"1/8/17","","D","G","13",1,"0",1,NA,NA,NA,NA,NA,NA,NA,NA,16,NA,NA,14,1,1,NA,"huap",1,"","5/6/19","2DG_13",0.07742,NA,0.02742,0.018024281,0.01759,0.01759,0.007166233,4,22,0,22,0,22,0,0,0,0,0,0,0,"H","12",53.6
"129","2","deltas_PV_170108_1Specimen_RawData_1.csv",128,"1/8/17","","D","G","15",1,"0",NA,1,NA,NA,NA,NA,NA,NA,NA,17,NA,NA,14,1,1,NA,"",0,"","5/6/19","2DG_15",0.19619,NA,NA,0.129187612,0.12234,0.12234,0.061598333,3,8,0,8,0,8,0,0,0,0,0,0,0,"H","12",53.6
"130","2","deltas_PV_170108_1Specimen_RawData_2.csv",129,"1/8/17","","D","G","11",1,"0",NA,NA,NA,NA,NA,NA,NA,NA,NA,13,NA,NA,13,0,1,NA,"largest peak from 1 thread",0,"","5/6/19","2DG_11",0.19822,NA,NA,0.064487641,0.063555,0.05753,0.063530368,6,10,1,12,0,10,1,0,0,0,0,0,0,"H","12",53.6
"131","20","deltas_PV_170108_1Specimen_RawData_3.csv",130,"1/8/17","","D","T","U",1,"0",NA,NA,NA,NA,NA,NA,NA,NA,NA,28,NA,NA,28,0,1,NA,"",0,"","5/6/19","20DT_UNK",0.19153,NA,NA,0.029332833,0.03648,0.05866,0.052556961,14,19,6,35,0,19,3,2,1,0,0,0,0,"L","15",59
"132","11","deltas_PV_170108_1Specimen_RawData_4.csv",131,"1/8/17","","A","T","86",1,"0",NA,NA,NA,1,NA,NA,NA,NA,NA,9,NA,NA,4,1,1,NA,"",0,"","5/6/19","11AT_86",0.17094,NA,NA,0.075978692,0.08296,0.08296,0.058469025,5,8,1,10,0,8,1,0,0,0,0,0,0,"L","18",64.4
"133","11","deltas_PV_170108_1Specimen_RawData_5.csv",132,"1/8/17","","A","T","NL",1,"0",NA,NA,2,NA,NA,NA,NA,NA,NA,6,NA,NA,-2,2,0,NA,"sample may be damaged prior",1,"","5/6/19","11AT_NL",0.06823,NA,NA,0.042453817,0.02977,0.02977,0.018186786,2,10,0,10,0,10,0,0,0,0,0,0,0,"L","18",64.4
"134","10","deltas_PV_170108_1Specimen_RawData_6.csv",133,"1/8/17","","D","G","57",1,"0",1,NA,NA,NA,NA,NA,NA,NA,NA,24,NA,NA,22,1,1,NA,"",0,"","5/6/19","10DG_57",0.74509,NA,NA,0.063131472,0.09456,0.05106,0.112124877,14,32,4,42,0,32,2,2,0,0,0,0,0,"H","21",69.8
"135","10","deltas_PV_170108_1Specimen_RawData_7.csv",134,"1/8/17","","D","G","59",1,"0",NA,NA,NA,NA,NA,NA,NA,NA,NA,10,NA,NA,10,0,1,NA,"",0,"","5/6/19","10DG_59",0.72436,NA,NA,0.139315411,0.1837,0.1837,0.136017234,5,22,1,24,0,22,1,0,0,0,0,0,0,"H","21",69.8
"136","10","deltas_PV_170108_1Specimen_RawData_8.csv",135,"1/8/17","","D","G","NL",1,"0",NA,NA,NA,NA,NA,NA,NA,NA,NA,7,NA,NA,7,0,1,NA,"",0,"","5/6/19","10DG_no #",0.5014,NA,0.4514,0.19673863,0.18167,0.18167,0.049983814,5,9,0,9,0,9,0,0,0,0,0,0,0,"H","21",69.8
"137","19","deltas_PV_170108_1Specimen_RawData_9.csv",136,"1/8/17","","A","G","U",1,"0",1,NA,NA,NA,NA,NA,NA,NA,NA,NA,NA,NA,-2,1,0,NA,"",0,"","5/6/19","19AG_UNK",0.04795,1,NA,0.017949725,0.01721,0.01721,0.00106066,2,7,0,7,0,7,0,0,0,0,0,0,0,"L","21",69.8
"139","19","deltas_PV_170108_3Specimen_RawData_1.csv",138,"1/8/17","","A","G","51",1,"0",NA,1,NA,NA,NA,NA,NA,NA,NA,4,NA,NA,1,1,1,NA,"",0,"","5/6/19","19AG_51",0.02786,NA,NA,NA,0.01647,0.01647,NA,1,1,0,1,1,1,0,0,0,0,0,0,0,"L","21",69.8
"140","19","deltas_PV_170121_1Specimen_RawData_1.csv",139,"1/21/17","","D","T","NT",1,"0",NA,NA,NA,NA,NA,NA,NA,NA,NA,7,NA,NA,7,0,1,NA,"possible damage prior",1,"","5/6/19","19DT_NT",0.07495,NA,NA,0.045889518,0.030575,0.030575,0.023319786,4,17,1,19,0,17,1,0,0,0,0,0,0,"L","21",69.8
"141","19","deltas_PV_170121_1Specimen_RawData_2.csv",140,"1/21/17","","A","G","56",1,"0",4,1,NA,NA,NA,NA,NA,NA,NA,14,NA,NA,3,5,1,NA,"",0,"","5/6/19","19AG_56",0.16689,NA,NA,0.008365058,0.00808,0.00808,0.063366265,5,0,20,70,1,0,0,18,0,0,0,0,2,"L","21",69.8
"142","14","deltas_PV_170121_1Specimen_RawData_3.csv",141,"1/21/17","","D","T","NT1",1,"0",NA,NA,NA,NA,NA,NA,NA,NA,NA,15,NA,NA,15,0,1,NA,"",0,"","5/6/19","14DT_NT1",0.28781,NA,NA,0.03887897,0.0408,0.03604,0.094238301,9,23,3,37,0,23,0,0,2,0,1,0,0,"H","12",53.6
"143","14","deltas_PV_170121_1Specimen_RawData_4.csv",142,"1/21/17","","D","T","NT2",1,"0",NA,1,1,NA,NA,NA,NA,NA,NA,7,NA,NA,0,2,0,NA,"no single breaks",0,"","5/6/19","14DT_NT2",0.34318,NA,NA,0.036526897,0.049885,0.049885,0.148602852,4,5,1,11,0,5,0,0,0,0,1,0,0,"H","12",53.6
"144","14","deltas_PV_170121_1Specimen_RawData_5.csv",143,"1/21/17","","D","T","NL",1,"0",NA,NA,NA,NA,NA,NA,NA,NA,NA,7,NA,NA,7,0,1,NA,"",0,"","5/6/19","14DT_NoLabel",0.00887,NA,NA,0.002750486,0.002743007,0.002743007,0.00186914,5,0,5,40,1,0,0,0,0,0,0,0,5,"H","12",53.6
"145","19","deltas_PV_170121_1Specimen_RawData_6.csv",144,"1/21/17","","C","G","45",1,"0",1,NA,NA,NA,NA,NA,NA,NA,NA,9,NA,NA,7,1,1,NA,"",0,"","5/6/19","19CG_45",0.2512,NA,0.2492,0.22683185,0.131935,0.131935,0.136068558,2,16,0,16,0,16,0,0,0,0,0,0,0,"L","21",69.8
"146","19","deltas_PV_170121_1Specimen_RawData_7.csv",145,"1/21/17","","C","G","NL1",1,"0",NA,NA,NA,NA,NA,NA,NA,NA,NA,NA,NA,NA,0,0,0,NA,"muap - byssus not attached",2,"","5/6/19","19CG_NoLabel1",0.03045,1,NA,NA,NA,NA,NA,NA,NA,NA,NA,1,NA,NA,NA,NA,NA,NA,NA,NA,"L","21",69.8
"147","19","deltas_PV_170121_1Specimen_RawData_8.csv",146,"1/21/17","","C","G","NL2",1,"0",NA,NA,NA,NA,NA,NA,NA,NA,NA,7,NA,NA,7,0,1,NA,"",0,"","5/6/19","19CG_NoLabel2",0.01001,NA,NA,0.001894603,0.001820652,0.001902174,0.001889945,6,0,6,48,1,0,0,0,0,0,0,0,6,"L","21",69.8
"148","4","deltas_PV_170121_1Specimen_RawData_9.csv",147,"1/21/17","","D","G","25",1,"0",2,NA,NA,NA,NA,NA,NA,NA,NA,19,NA,NA,17,1,1,NA,"",0,"","5/6/19","4DG_25",0.99007,NA,NA,0.049223389,0.06443,0.06588,0.077780379,15,26,3,35,0,26,1,1,1,0,0,0,0,"L","21",69.8
"149","4","deltas_PV_170121_1Specimen_RawData_10.csv",148,"1/21/17","","D","G","32",1,"0",1,NA,1,NA,NA,NA,NA,NA,NA,15,NA,NA,9,2,1,NA,"huap - 7 plaques slid and seemed unatacched, but may just be weak!",1,"","5/6/19","4DG_32",0.96321,NA,NA,0.153286965,0.167275,0.17137,0.069965097,6,15,0,15,0,15,0,0,0,0,0,0,0,"L","21",69.8
"150","4","deltas_PV_170121_3Specimen_RawData_1.csv",149,"1/21/17","","D","G","31",1,"0",NA,1,NA,NA,NA,NA,NA,NA,NA,19,NA,NA,16,1,1,NA,"",0,"","5/6/19","4DG_31",1.04612,NA,NA,0.043863504,0.088525,0.02173,0.07125965,18,26,2,31,0,26,1,1,0,0,0,0,0,"L","21",69.8
"151","13","deltas_PV_170121_3Specimen_RawData_2.csv",150,"1/21/17","","C","T","6",1,"0",NA,NA,NA,NA,NA,NA,NA,NA,NA,13,NA,NA,13,0,1,NA,"",0,"","5/6/19","13CT_6",0.10381,NA,0.09381,0.033793194,0.04529,0.04529,0.025033914,4,9,0,9,0,9,0,0,0,0,0,0,0,"H","15",59
"152","13","deltas_PV_170121_3Specimen_RawData_3.csv",151,"1/21/17","","C","T","5",1,"0",1,1,NA,NA,NA,NA,NA,NA,NA,9,NA,NA,4,2,1,NA,"",0,"","5/6/19","13CT_5",0.06552,NA,NA,0.026037071,0.0341,0.0341,0.013104358,4,13,0,13,0,13,0,0,0,0,0,0,0,"H","15",59
"153","3","deltas_PV_170122_1Specimen_RawData_1.csv",152,"1/22/17","","B","T","18",1,"0",1,NA,NA,NA,NA,NA,NA,NA,NA,11,NA,NA,9,1,1,NA,"",0,"","5/6/19","3BT_18",0.23093,NA,NA,0.045116352,0.048685,0.048685,0.033602406,4,7,0,7,0,7,0,0,0,0,0,0,0,"H","12",53.6
"154","3","deltas_PV_170122_1Specimen_RawData_2.csv",153,"1/22/17","","B","T","23",1,"0",NA,1,NA,NA,NA,NA,NA,NA,NA,8,NA,NA,5,1,1,NA,"",0,"","5/6/19","3BT_23",0.05389,NA,0.03389,NA,0.03239,0.03239,NA,1,7,0,7,0,7,0,0,0,0,0,0,0,"H","12",53.6
"155","3","deltas_PV_170122_1Specimen_RawData_3.csv",154,"1/22/17",""," B","T","19",1,"0",1,NA,NA,NA,NA,NA,NA,NA,NA,7,NA,NA,5,1,1,NA,"",0,"","5/6/19","3BT_19",0.13672,NA,NA,0.046249435,0.05765,0.05765,0.051931645,4,5,1,7,0,5,1,0,0,0,0,0,0,"H","12",53.6
"156","18","deltas_PV_170122_1Specimen_RawData_4.csv",155,"1/22/17","","B","G","42",1,"0",1,1,NA,NA,NA,NA,NA,NA,NA,22,NA,NA,17,2,1,NA,"",0,"","5/6/19","18BG_42",0.08799,NA,NA,NA,0.0919,0.0919,NA,1,3,0,3,1,3,0,0,0,0,0,0,0,"L","15",59
"157","18","deltas_PV_170122_1Specimen_RawData_5.csv",156,"1/22/17","","B","G","43",1,"0",1,NA,1,NA,NA,NA,NA,NA,NA,14,NA,NA,8,2,1,NA,"",0,"","5/6/19","18BG_43",0.06172,1,NA,0.010691496,0.01445,0.00914,0.007105812,7,13,0,13,0,13,0,0,0,0,0,0,0,"L","15",59
"158","18","deltas_PV_170122_1Specimen_RawData_6.csv",157,"1/22/17","","B","G","48",1,"0",NA,NA,NA,NA,NA,NA,NA,NA,NA,6,NA,NA,6,0,1,NA,"",0,"","5/6/19","18BG_48",0.13923,NA,NA,0.13586703,0.07086,0.07086,0.093210816,2,5,0,5,0,5,0,0,0,0,0,0,0,"L","15",59
"160","18","deltas_PV_170122_1Specimen_RawData_8.csv",159,"1/22/17","","B","G","46",2,"0",2,NA,NA,NA,NA,NA,NA,NA,NA,25,NA,NA,21,2,1,NA,"",0,"","5/6/19","18BG_46 run 2",0.06005,NA,NA,0.009283362,0.011,0.011,0.00572425,3,0,7,14,1,0,7,0,0,0,0,0,0,"L","15",59
"161","12","deltas_PV_170122_1Specimen_RawData_9.csv",160,"1/22/17","","D","T","92",1,"0",NA,NA,NA,NA,NA,NA,NA,NA,NA,16,NA,NA,16,0,1,NA,"",0,"","5/6/19","12DT_92",0.37435,NA,NA,0.086822949,0.09071,0.12985,0.092757728,9,13,1,16,0,13,0,1,0,0,0,0,0,"L","12",53.6
"162","12","deltas_PV_170122_1Specimen_RawData_10.csv",161,"1/22/17","","D","T","90",1,"0",NA,1,NA,NA,NA,NA,NA,NA,NA,22,NA,NA,19,1,1,NA,"",0,"","5/6/19","12DT_90",0.03407,NA,NA,0.008822701,0.01022,0.00784,0.008898406,8,0,19,38,1,0,19,0,0,0,0,0,0,"L","12",53.6
"164","3","deltas_PV_170122_2Specimen_RawData_2.csv",163,"1/22/17","","C","T","17",2,"0",NA,NA,NA,NA,NA,NA,NA,NA,NA,8,NA,NA,8,0,1,NA,"",0,"","5/6/19","3CT_17_run2",0.29793,NA,NA,0.10856906,0.14346,0.14346,0.101375765,3,7,0,7,0,7,0,0,0,0,0,0,0,"H","12",53.6
"165","3","deltas_PV_170122_2Specimen_RawData_3.csv",164,"1/22/17","","C","T","21",1,"0",NA,NA,NA,NA,NA,NA,NA,NA,NA,6,NA,NA,6,0,1,NA,"",0,"","5/6/19","3CT_21",0.29249,NA,NA,0.111917486,0.1241,0.1241,0.036124339,4,12,0,12,0,12,0,0,0,0,0,0,0,"H","12",53.6
"166","3","deltas_PV_170122_2Specimen_RawData_4.csv",165,"1/22/17","","C","T","24",1,"0",NA,NA,NA,NA,NA,NA,NA,NA,NA,34,NA,NA,34,0,1,NA,"",0,"","5/6/19","3CT_24",1.32302,NA,NA,0.087446112,0.10475,0.21881,0.079394959,24,23,6,35,0,23,6,0,0,0,0,0,0,"H","12",53.6
"168","12","deltas_PV_170122_2Specimen_RawData_6.csv",167,"1/22/17","","C","G","94",2,"0",1,NA,NA,NA,NA,NA,NA,NA,NA,40,NA,NA,38,1,1,NA,"",0,"12CG_94 is mislabelled as 3CT94 on the instron. ","5/6/19","3CT_94",1.27545,NA,NA,0.219011691,0.18724,0.21104,0.068553924,12,35,0,35,0,35,0,0,0,0,0,0,0,"L","12",53.6
"169","12","",168,"1/22/17","","C","G","95",1,"0",NA,NA,NA,NA,NA,NA,NA,NA,NA,NA,NA,NA,0,0,0,NA,"",0,"No threads broke, yay the software didn't pick up on any breaks!!!",NA,NA,NA,NA,NA,NA,NA,NA,NA,NA,NA,NA,NA,NA,NA,NA,NA,NA,NA,NA,NA,NA,"L","12",53.6
"170","12","deltas_PV_170122_2Specimen_RawData_8.csv",169,"1/22/17","","C","G","91",1,"0",2,NA,NA,NA,NA,NA,NA,NA,NA,12,NA,0.236,8,2,1,NA,"",0,"","5/6/19","12CG_91",0.23598,NA,0.15598,0.123847164,0.104205,0.104205,0.028164063,2,25,0,25,0,25,0,0,0,0,0,0,0,"L","12",53.6
"171","14","deltas_PV_170122_2Specimen_RawData_9.csv",170,"1/22/17","","B","T","10",1,"0",1,1,NA,NA,NA,NA,NA,NA,NA,16,NA,0.558,11,2,1,NA,"root slipped",3,"","5/6/19","14BT_10",0.08602,NA,NA,0.00996916,0.01259,0.00961,0.011528029,9,22,0,22,0,22,0,0,0,0,0,0,0,"H","12",53.6
"172","14","deltas_PV_170122_2Specimen_RawData_10.csv",171,"1/22/17","","B","T","14",1,"0",1,NA,NA,NA,NA,NA,NA,NA,NA,11,NA,NA,9,1,1,NA,"",0,"","5/6/19","14BT_14",0.55606,NA,NA,0.082520795,0.107845,0.09539,0.094577717,12,23,2,27,0,23,2,0,0,0,0,0,0,"H","12",53.6
"173","3","",172,"1/22/17","","C","G","18",1,"0",NA,1,NA,NA,NA,NA,NA,NA,NA,20,NA,0.25,17,1,1,NA,"",0,"I can't find these force curves. I don't seem to have them on my computer. I could search the computer where I collected this data. Maybe somehow it went into a different folder, or maybe this is what was lost in the power outage, etc???",NA,NA,NA,NA,NA,NA,NA,NA,NA,NA,NA,NA,NA,NA,NA,NA,NA,NA,NA,NA,NA,NA,"H","12",53.6
"174","3","",173,"1/22/17","","C","G","20",1,"0",NA,1,NA,NA,NA,NA,NA,NA,NA,17,NA,0.558,14,1,1,NA,"muap",2,"I can't find these force curves. I don't seem to have them on my computer. ",NA,NA,NA,NA,NA,NA,NA,NA,NA,NA,NA,NA,NA,NA,NA,NA,NA,NA,NA,NA,NA,NA,"H","12",53.6
"175","3","",174,"1/22/17","","C","G","17",1,"0",2,NA,NA,NA,NA,NA,NA,NA,NA,26,NA,1.383,22,2,1,NA,"",0,"I can't find these force curves. I don't seem to have them on my computer. ",NA,NA,NA,NA,NA,NA,NA,NA,NA,NA,NA,NA,NA,NA,NA,NA,NA,NA,NA,NA,NA,NA,"H","12",53.6
"176","22","",175,"1/22/17","","B","T","13",1,"0",NA,NA,NA,NA,NA,NA,NA,NA,NA,1,NA,0.034,1,0,1,NA,"muap",2,"I can't find these force curves. I don't seem to have them on my computer. ",NA,NA,NA,NA,NA,NA,NA,NA,NA,NA,NA,NA,NA,NA,NA,NA,NA,NA,NA,NA,NA,NA,"H","18",64.4
"177","22","",176,"1/22/17","","B","T","79",1,"0",NA,NA,NA,NA,NA,NA,NA,NA,NA,12,NA,NA,12,0,1,NA,"",0,"I can't find these force curves. I don't seem to have them on my computer. ",NA,NA,NA,NA,NA,NA,NA,NA,NA,NA,NA,NA,NA,NA,NA,NA,NA,NA,NA,NA,NA,NA,"H","18",64.4
"178","12","",177,"1/22/17","","A","G","96",1,"0",NA,NA,NA,NA,NA,NA,NA,NA,NA,9,NA,NA,9,0,1,NA,"muap",2,"I can't find these force curves. I don't seem to have them on my computer. ",NA,NA,NA,NA,NA,NA,NA,NA,NA,NA,NA,NA,NA,NA,NA,NA,NA,NA,NA,NA,NA,NA,"L","12",53.6
"179","12","",178,"1/22/17","","A","G","93",1,"0",NA,NA,NA,NA,NA,NA,NA,NA,NA,NA,NA,NA,0,0,0,NA,"",0,"I can't find these force curves. I don't seem to have them on my computer. ",NA,NA,NA,NA,NA,NA,NA,NA,NA,NA,NA,NA,NA,NA,NA,NA,NA,NA,NA,NA,NA,NA,"L","12",53.6
"180","11","",179,"1/22/17","","A","T","NL",1,"0",NA,NA,NA,NA,NA,NA,NA,NA,NA,NA,NA,NA,0,0,0,NA,"",0,"I can't find these force curves. I don't seem to have them on my computer. ",NA,NA,NA,NA,NA,NA,NA,NA,NA,NA,NA,NA,NA,NA,NA,NA,NA,NA,NA,NA,NA,NA,"L","18",64.4
"181","10","deltas_PV_170212_1Specimen_RawData_1.csv",180,"2/12/17","","B","G","U1",1,"0",NA,2,NA,1,NA,NA,NA,NA,NA,19,NA,NA,8,3,1,NA,"final thread 0.11N",0,"","5/6/19","10BG_Unk1",0.11691,NA,NA,0.021775193,0.022635659,0.019534884,0.034488969,8,7,1,12,0,7,0,0,0,1,0,0,0,"H","21",69.8
"182","10","deltas_PV_170212_1Specimen_RawData_2.csv",181,"2/12/17","","B","G","U2",1,"0",NA,NA,NA,NA,NA,NA,NA,NA,NA,8,NA,NA,8,0,1,NA,"muap",2,"","5/6/19","10BG_Unk2",0.64592,NA,NA,0.151701946,0.20626,0.20626,0.109153715,5,11,0,11,0,11,0,0,0,0,0,0,0,"H","21",69.8
"183","10","",182,"2/12/17","","B","G","67",1,"0",1,NA,NA,NA,NA,NA,NA,NA,NA,2,NA,NA,0,1,0,NA,"muap",2,"No single threads broke, yay the software didn't pick up on any breaks!!!",NA,NA,NA,NA,NA,NA,NA,NA,NA,NA,NA,NA,NA,NA,NA,NA,NA,NA,NA,NA,NA,NA,"H","21",69.8
"184","9","deltas_PV_170212_1Specimen_RawData_4.csv",183,"2/12/17","","A","G","77",1,"0",3,1,NA,NA,NA,NA,NA,NA,NA,28,NA,NA,19,4,1,NA,"good",0,"","5/6/19","9AG_77",1.5865,NA,NA,0.072260771,0.17626,0.21165,0.099386423,19,20,2,24,0,20,2,0,0,0,0,0,0,"L","12",53.6
"185","9","deltas_PV_170212_1Specimen_RawData_5.csv",184,"2/12/17","","A","G","80",1,"0",2,NA,NA,1,NA,NA,NA,NA,NA,12,NA,NA,3,3,1,NA,"",0,"","5/6/19","9AG_80",0.51878,NA,NA,0.007733254,0.00862,0.00862,0.177772403,4,0,13,32,1,0,12,0,0,0,0,0,1,"L","12",53.6
"186","9","deltas_PV_170212_1Specimen_RawData_6.csv",185,"2/12/17","","A","G","79",1,"0",NA,NA,NA,NA,NA,NA,NA,NA,NA,12,NA,NA,12,0,1,NA,"",0,"","5/6/19","9AG_79",0.58789,NA,NA,0.058149944,0.09935,0.0223,0.088998798,15,20,4,28,0,20,4,0,0,0,0,0,0,"L","12",53.6
"187","9","deltas_PV_170212_1Specimen_RawData_7.csv",186,"2/12/17","","D","T","73",1,"0",NA,NA,NA,NA,NA,NA,NA,NA,NA,19,NA,NA,19,0,1,NA,"",0,"","5/6/19","9DT_73",0.29008,NA,NA,0.137475152,0.09745,0.09745,0.057349906,9,18,0,18,0,18,0,0,0,0,0,0,0,"L","12",53.6
"188","9","deltas_PV_170212_1Specimen_RawData_8.csv",187,"2/12/17","","D","T","76",1,"0",NA,NA,NA,1,NA,NA,NA,NA,NA,8,NA,0.155,3,1,1,NA,"offset of .12N, so use the max_load_recorded value",0,"It seems this is mislabelled as 9AG_76 on the instron file","5/6/19","9AG_76",0.2751,NA,0.1451,0.141189067,0.12899,0.12899,0.07167132,3,11,0,11,0,11,0,0,0,0,0,0,0,"L","12",53.6
"189","9","deltas_PV_170212_1Specimen_RawData_9.csv",188,"2/12/17","","D","T","77",1,"0",NA,NA,NA,NA,NA,NA,NA,NA,NA,8,NA,NA,8,0,1,NA,"",0,"It seems this is mislabelled as 9DG_76 on the instron file. ","5/6/19","9DG_77",0.07952,NA,NA,0.006667209,0.009785933,0.009785933,0.027628966,7,0,7,19,1,0,6,0,0,0,0,1,0,"L","12",53.6
"190","12","deltas_PV_170212_1Specimen_RawData_10.csv",189,"2/12/17","","B","T","95",1,"0",NA,NA,NA,NA,NA,NA,NA,NA,NA,8,NA,NA,8,0,1,NA,"",0,"","5/6/19","12BT_95",0.39216,NA,NA,0.36212806,0.202885,0.202885,0.228331851,2,12,0,12,0,12,0,0,0,0,0,0,0,"L","12",53.6
"191","12","deltas_PV_170212_2Specimen_RawData_1.csv",190,"2/12/17","","B","T","91",1,"0",NA,NA,NA,NA,NA,NA,NA,NA,NA,8,NA,NA,8,0,1,NA,"",0,"","5/6/19","12BT_91",0.13297,NA,NA,0.024643312,0.02405,0.02405,0.042731974,5,7,2,15,0,7,0,1,0,1,0,0,0,"L","12",53.6
"193","9","deltas_PV_170212_2Specimen_RawData_3.csv",192,"2/12/17","","C","G","75",2,"0",NA,2,NA,NA,NA,NA,NA,NA,NA,7,NA,NA,1,2,1,NA,"",0,"","5/6/19","9CG_75_run2",0.46556,NA,NA,0.088463125,0.09275,0.09275,0.198932219,3,17,1,21,0,17,0,0,1,0,0,0,0,"L","12",53.6
"196","9","deltas_PV_170212_2Specimen_RawData_4.csv",195,"2/12/17","","C","G","74",3,"0",NA,NA,NA,NA,NA,NA,NA,NA,NA,1,NA,NA,1,0,1,NA,"muap, damaged prior",2,"","5/6/19","9CG_74",0.06649,NA,NA,0.004569592,0.0067,0.0067,0.003054701,2,0,12,36,1,0,0,12,0,0,0,0,0,"L","12",53.6
"197","9","deltas_PV_170212_2Specimen_RawData_5.csv",196,"2/12/17","","C","G","78",1,"0",NA,NA,NA,NA,NA,NA,NA,NA,NA,NA,NA,NA,0,0,0,NA,"",0,"","5/6/19","9CG_78",0.35192,NA,NA,0.035340316,0.0352,0.0352,0.014826204,5,8,1,10,0,8,1,0,0,0,0,0,0,"L","12",53.6
"199","9","deltas_PV_170212_2Specimen_RawData_6.csv",198,"2/12/17","","C","G","76",2,"0",NA,NA,1,NA,NA,NA,NA,NA,NA,7,NA,NA,3,1,1,NA,"",0,"","5/6/19","9CG_76",0.71948,NA,NA,0.016149396,0.020395,0.020395,0.073775504,4,17,1,25,0,17,0,0,0,0,0,0,1,"L","12",53.6
"200","14","deltas_PV_170212_2Specimen_RawData_7.csv",199,"2/12/17","","A","G","11",1,"0",NA,NA,NA,NA,NA,NA,NA,NA,NA,6,NA,NA,6,0,1,NA,"",0,"","5/6/19","14AG_11",0.17125,NA,NA,0.005897417,0.007365,0.007365,0.006413207,4,0,10,30,1,0,0,10,0,0,0,0,0,"H","12",53.6
"202","14","deltas_PV_170212_2Specimen_RawData_9.csv",201,"2/12/17","","A","G","U",1,"0",NA,NA,NA,NA,NA,NA,NA,NA,NA,10,NA,NA,10,0,1,NA,"",0,"","5/6/19","14AG_Unk",0.65532,NA,NA,0.198383631,0.19536,0.2057,0.074831228,10,24,0,24,0,24,0,0,0,0,0,0,0,"H","12",53.6
"203","14","deltas_PV_170212_2Specimen_RawData_10.csv",202,"2/12/17","","A","G","70",1,"0",NA,1,NA,NA,NA,NA,NA,NA,NA,26,NA,NA,23,1,1,NA,"",0,"","5/6/19","14AG_70",1.15301,NA,NA,0.05521387,0.08554,0.17708,0.137993959,31,61,10,93,0,61,3,2,5,0,0,0,0,"H","12",53.6
"204","13","deltas_PV_170212_3Specimen_RawData_1.csv",203,"2/12/17","","B","G","8",1,"0",1,1,NA,NA,NA,NA,NA,NA,NA,12,NA,NA,7,2,1,NA,"",0,"","5/6/19","13BG_8",0.33378,NA,NA,0.081201436,0.12758,0.0953,0.092021517,6,15,0,15,0,15,0,0,0,0,0,0,0,"H","15",59
"205","13","",204,"2/12/17","","B","G","6",1,"0",NA,NA,NA,NA,NA,NA,NA,NA,NA,NA,NA,NA,0,0,0,NA,"glued in wrong place",4,"",NA,NA,NA,NA,NA,NA,NA,NA,NA,NA,NA,NA,NA,NA,NA,NA,NA,NA,NA,NA,NA,NA,"H","15",59
"206","13","deltas_PV_170212_3Specimen_RawData_3.csv",205,"2/12/17","","B","G","2",1,"0",NA,1,NA,NA,NA,NA,NA,NA,NA,8,NA,NA,5,1,1,NA,"",0,"","5/6/19","13BG_2",0.49497,NA,NA,0.170134462,0.17582,0.17582,0.083410774,5,11,1,13,0,11,1,0,0,0,0,0,0,"H","15",59
"207","13","deltas_PV_170212_3Specimen_RawData_4.csv",206,"2/12/17","","B","G","3",1,"0",NA,NA,NA,NA,NA,NA,NA,NA,NA,NA,NA,NA,0,0,0,NA,"",0,"","5/6/19","13BG_3",0.01368,NA,NA,0.011949394,0.006798429,0.006798429,0.007385749,2,0,2,6,1,0,0,2,0,0,0,0,0,"H","15",59
"208","5","deltas_PV_170212_3Specimen_RawData_5.csv",207,"2/12/17","","A","G","40",1,"0",NA,NA,NA,NA,NA,NA,NA,NA,NA,4,NA,NA,4,0,1,NA,"",0,"","5/6/19","5AG_40",0.07374,NA,NA,0.01154346,0.01624,0.01624,0.024159905,3,12,1,16,0,12,0,0,1,0,0,0,0,"H","21",69.8
"209","5","deltas_PV_170212_3Specimen_RawData_6.csv",208,"2/12/17","","A","G","30",1,"0",NA,1,NA,NA,NA,NA,NA,NA,NA,16,NA,NA,13,1,1,NA,"",0,"","5/6/19","5AG_30",0.15115,NA,NA,0.01761609,0.01805,0.01805,0.038513175,5,7,1,13,0,7,0,0,0,0,1,0,0,"H","21",69.8
"210","5","deltas_PV_170212_3Specimen_RawData_7.csv",209,"2/12/17","","A","G","34",1,"0",1,2,NA,1,NA,NA,NA,NA,NA,19,NA,NA,6,4,1,NA,"",0,"","5/6/19","5AG_34",0.03571,NA,NA,0.010947941,0.00792,0.00792,0.004341636,2,0,3,9,1,0,0,3,0,0,0,0,0,"H","21",69.8
"211","17","deltas_PV_170212_3Specimen_RawData_8.csv",210,"2/12/17","","D","G","34",1,"0",NA,1,NA,NA,NA,NA,NA,NA,NA,11,NA,NA,8,1,1,NA,"",0,"","5/6/19","17DG_34",0.10603,NA,NA,NA,0.0852,0.0852,NA,1,9,0,9,0,9,0,0,0,0,0,0,0,"L","12",53.6
"212","4","deltas_PV_170212_3Specimen_RawData_9.csv",211,"2/12/17","","A","T","30",1,"0",1,NA,NA,NA,NA,NA,NA,NA,NA,10,NA,NA,8,1,1,NA,"",0,"","5/6/19","4AT_30",0.08356,NA,NA,NA,0.08366,0.08366,NA,1,4,0,4,1,4,0,0,0,0,0,0,0,"L","21",69.8
"213","12","deltas_PV_170212_3Specimen_RawData_10.csv",212,"2/12/17","","D","T","92",1,"0",NA,NA,NA,NA,NA,NA,NA,NA,NA,0,NA,NA,0,0,0,NA,"",0,"","5/6/19","12DT_92",0.01519,1,NA,NA,NA,NA,NA,NA,NA,NA,NA,1,NA,NA,NA,NA,NA,NA,NA,NA,"L","12",53.6
"214","2","deltas_PV_170225_1Specimen_RawData_1.csv",213,"2/25/17","","A","T","11",1,"0",NA,NA,NA,NA,NA,NA,NA,NA,NA,23,NA,0.12,23,0,1,NA,"this is the better run with more threads of the two",0,"","5/6/19","2AT_11",0.12005,NA,NA,0.015631148,0.01738,0.0174,0.044773189,6,12,1,19,0,12,0,0,0,0,0,1,0,"H","12",53.6
"216","2","deltas_PV_170225_1Specimen_RawData_3.csv",215,"2/25/17","","A","T","13",1,"0",NA,NA,NA,NA,1,1,NA,NA,NA,7,0.109,0.109,-6,2,0,NA,"1 real break, use the good_single_break value",0,"","5/6/19","2AT_13",0.10934,NA,NA,NA,0.11527,0.11527,NA,1,2,0,2,1,2,0,0,0,0,0,0,0,"H","12",53.6
"218","2","deltas_PV_170225_1Specimen_RawData_5.csv",217,"2/25/17","","A","T","15",2,"0",NA,NA,NA,NA,NA,NA,NA,NA,NA,5,NA,NA,5,0,1,NA,"",0,"","5/6/19","2AT_15",0.21246,NA,NA,0.051921781,0.05882,0.05882,0.075136878,5,9,1,12,0,9,0,1,0,0,0,0,0,"H","12",53.6
"219","5","deltas_PV_170225_1Specimen_RawData_6.csv",218,"2/25/17","","C","G","38",1,"0",1,NA,NA,NA,NA,NA,NA,NA,NA,10,NA,NA,8,1,1,NA,"dirty plate",1,"","5/6/19","5CG_38",0.28303,NA,NA,0.021990397,0.024885,0.024885,0.135927071,4,9,1,17,0,9,0,0,0,0,0,0,1,"H","21",69.8
"220","5","deltas_PV_170225_1Specimen_RawData_7.csv",219,"2/25/17","","C","G","36",1,"0",NA,NA,NA,NA,NA,NA,NA,NA,NA,11,NA,NA,11,0,1,NA,"",0,"","5/6/19","5CG_36",0.35865,NA,NA,0.12555279,0.11081,0.11986,0.043442648,6,13,0,13,0,13,0,0,0,0,0,0,0,"H","21",69.8
"221","5","deltas_PV_170225_1Specimen_RawData_8.csv",220,"2/25/17","","C","G","33",1,"0",1,NA,1,NA,NA,NA,NA,NA,NA,15,NA,NA,9,2,1,NA,"",0,"","5/6/19","5CG_33",0.06402,NA,NA,0.013001081,0.02019,0.02019,0.019392815,5,14,1,17,0,14,0,1,0,0,0,0,0,"H","21",69.8
"222","1","deltas_PV_170225_1Specimen_RawData_9.csv",221,"2/25/17","","B","G","8",1,"0",1,NA,NA,NA,NA,NA,NA,NA,NA,22,NA,NA,20,1,1,NA,"",0,"","5/6/19","1BG_8",0.26037,NA,NA,0.023847156,0.035125,0.04206,0.063819868,14,20,6,38,0,20,3,2,0,0,1,0,0,"L","15",59
"223","1","deltas_PV_170225_1Specimen_RawData_10.csv",222,"2/25/17","","B","G","5",1,"0",NA,1,1,NA,NA,NA,NA,NA,NA,10,NA,NA,3,2,1,NA,"",0,"","5/6/19","1BG_5",0.25051,NA,NA,0.033555672,0.06087,0.06087,0.114080733,3,22,1,25,0,22,0,1,0,0,0,0,0,"L","15",59
"225","1","deltas_PV_170225_2Specimen_RawData_2.csv",224,"2/25/17","","B","G","6",1,"0",NA,NA,NA,NA,NA,NA,NA,NA,NA,21,NA,NA,21,0,1,NA,"",0,"","5/6/19","1BG_6",0.15376,NA,NA,0.049709177,0.06354,0.04391,0.040251431,7,16,0,16,0,16,0,0,0,0,0,0,0,"L","15",59
"226","6","deltas_PV_170225_2Specimen_RawData_3.csv",225,"2/25/17","","B","G","41",1,"0",1,1,NA,NA,NA,NA,NA,NA,NA,16,NA,NA,11,2,1,NA,"beautiful breaks",0,"","5/6/19","6BG_41",1.72377,NA,NA,0.136539344,0.15591,0.19576,0.101611875,25,51,2,55,0,51,2,0,0,0,0,0,0,"H","15",59
"227","1","deltas_PV_170225_2Specimen_RawData_4.csv",226,"2/25/17","","C","T","3",1,"0",NA,1,NA,NA,NA,NA,NA,NA,NA,NA,NA,NA,-3,1,0,NA,"3 threads well attached",0,"","5/6/19","1CT_3",0.09211,NA,NA,0.064054422,0.05464,0.05464,0.029142557,5,9,0,9,0,9,0,0,0,0,0,0,0,"L","15",59
"228","1","deltas_PV_170225_2Specimen_RawData_5.csv",227,"2/25/17","","C","T","6",1,"0",NA,1,NA,NA,NA,NA,NA,NA,NA,20,NA,NA,17,1,1,NA,"",0,"","5/6/19","1CT_6",0.03198,NA,NA,0.006985076,0.00729,0.00729,0.002280811,3,0,6,18,1,0,0,6,0,0,0,0,0,"L","15",59
"229","5","deltas_PV_170225_2Specimen_RawData_6.csv",228,"2/25/17","","D","T","35",1,"0",NA,NA,NA,NA,NA,NA,NA,NA,NA,8,NA,NA,8,0,1,NA,"",0,"","5/6/19","5DT_35",0.1718,NA,NA,0.031367034,0.04198,0.0383,0.044573461,11,21,3,27,0,21,3,0,0,0,0,0,0,"H","21",69.8
"230","1","deltas_PV_170225_2Specimen_RawData_7.csv",229,"2/25/17","","D","G","2",1,"0",NA,NA,NA,NA,NA,NA,NA,NA,NA,17,NA,NA,17,0,1,NA,"",0,"","5/6/19","1DG_2",0.0985,NA,NA,0.008719611,0.009075,0.00905,0.017890862,6,0,9,24,1,0,8,0,0,0,0,0,1,"L","15",59
"231","1","deltas_PV_170225_2Specimen_RawData_8.csv",230,"2/25/17","","D","G","U",1,"0",NA,1,2,NA,NA,NA,NA,NA,NA,NA,NA,NA,-11,3,0,NA,"",0,"","5/6/19","1DG_unk",0.4118,NA,NA,0.036976232,0.055125,0.07726,0.115060938,8,14,2,23,0,14,0,1,0,0,1,0,0,"L","15",59
"232","1","deltas_PV_170225_2Specimen_RawData_9.csv",231,"2/25/17","","D","G","3",1,"0",NA,NA,NA,NA,NA,NA,NA,NA,NA,1,NA,NA,1,0,1,NA,"",0,"","5/6/19","1DG_3",0.02647,NA,NA,0.022877649,0.018692661,0.018692661,0.006000677,2,2,0,2,1,2,0,0,0,0,0,0,0,"L","15",59
"233","1","deltas_PV_170226_1Specimen_RawData_1.csv",232,"2/26/27","","A","T","2",1,"0",NA,NA,NA,NA,NA,NA,NA,NA,NA,NA,NA,NA,0,0,0,NA,"",0,"","5/6/19","1AT_2",0.0747,NA,NA,NA,0.08317,0.08317,NA,1,3,0,3,1,3,0,0,0,0,0,0,0,"L","15",59
"235","1","deltas_PV_170226_1Specimen_RawData_3.csv",234,"2/26/27","","A","T","7",1,"0",NA,NA,NA,NA,NA,NA,NA,NA,NA,13,NA,NA,13,0,1,NA,"",0,"","5/6/19","1AT_7",0.00847,NA,NA,0.00477912,0.004489437,0.004489437,0.000415363,2,0,2,10,1,0,0,0,0,2,0,0,0,"L","15",59
"237","4","deltas_PV_170226_1Specimen_RawData_5.csv",236,"2/26/27","","B","G","28",2,"0",1,1,NA,NA,NA,NA,NA,NA,NA,9,NA,NA,4,2,1,NA,"",0,"","5/6/19","4BG_28",0.36069,NA,NA,0.097328888,0.11195,0.12622,0.104877961,8,12,2,16,0,12,2,0,0,0,0,0,0,"L","21",69.8
"238","4","deltas_PV_170226_1Specimen_RawData_6.csv",237,"2/26/27","","B","G","29",1,"0",1,NA,NA,NA,NA,NA,NA,NA,NA,17,NA,NA,15,1,1,NA,"",0,"","5/6/19","4BG_29",0.86594,NA,NA,0.10833836,0.13098,0.14832,0.118059556,11,10,3,17,0,10,2,1,0,0,0,0,0,"L","21",69.8
"239","4","deltas_PV_170226_1Specimen_RawData_7.csv",238,"2/26/27","","B","G","U",1,"0",NA,NA,NA,NA,NA,NA,NA,NA,NA,3,NA,NA,3,0,1,NA,"",0,"","5/6/19","4BG_Unk",0.0558,NA,0.04,0.010640614,0.009245,0.009245,0.002001112,2,0,8,22,1,0,7,0,0,0,0,0,1,"L","21",69.8
"240","6","deltas_PV_170226_1Specimen_RawData_8.csv",239,"2/26/27","","A","T","44",1,"0",NA,NA,NA,NA,NA,NA,NA,NA,NA,10,NA,NA,10,0,1,NA,"",0,"","5/6/19","6AT_44",0.06217,NA,NA,0.019054025,0.01963,0.01963,0.01830447,4,6,1,9,0,6,0,1,0,0,0,0,0,"H","15",59
"241","6","deltas_PV_170226_1Specimen_RawData_9.csv",240,"2/26/27","","A","T","47",1,"0",NA,NA,NA,NA,NA,NA,NA,NA,NA,6,NA,NA,6,0,1,NA,"",0,"","5/6/19","6AT_47",0.19279,NA,NA,0.052935,0.05984,0.05984,0.077202862,3,8,1,10,0,8,1,0,0,0,0,0,0,"H","15",59
"242","2","deltas_PV_170226_1Specimen_RawData_10.csv",241,"2/26/27","","B","G","13",1,"0",NA,1,NA,NA,NA,NA,NA,NA,NA,12,NA,NA,9,1,1,NA,"",0,"","5/6/19","2BG_13",0.69358,NA,NA,0.025871767,0.029755,0.029755,0.041084082,4,6,1,10,0,6,0,0,1,0,0,0,0,"H","12",53.6
"243","2","deltas_PV_170226_2Specimen_RawData_1.csv",242,"2/26/27","","B","G","14",1,"0",1,1,NA,NA,NA,NA,NA,NA,NA,9,NA,NA,4,2,1,NA,"",0,"","5/6/19","2BG_14",0.05342,NA,NA,0.013274613,0.012005,0.012005,0.0049259,4,0,6,12,1,0,6,0,0,0,0,0,0,"H","12",53.6
"244","7","deltas_PV_170226_2Specimen_RawData_2.csv",243,"2/26/27","","B","T","54",1,"0",NA,NA,NA,NA,NA,NA,NA,NA,NA,6,NA,NA,6,0,1,NA,"",0,"","5/6/19","7BT_54",0.12958,NA,NA,0.140768209,0.13344,0.13344,0.010507607,2,3,0,3,1,3,0,0,0,0,0,0,0,"H","18",64.4
"245","5","deltas_PV_170226_2Specimen_RawData_3.csv",244,"2/26/27","","B","T","33",1,"0",NA,NA,NA,NA,NA,NA,NA,NA,NA,4,NA,NA,4,0,1,NA,"plate is mucky",1,"","5/6/19","5BT_33",0.16845,NA,NA,0.089130357,0.07678,0.07678,0.046808388,3,8,0,8,0,8,0,0,0,0,0,0,0,"H","21",69.8
"246","7","deltas_PV_170226_2Specimen_RawData_4.csv",245,"2/26/27","","D","T","51",1,"0",NA,NA,NA,NA,NA,NA,NA,NA,NA,2,NA,NA,2,0,1,NA,"",0,"","5/6/19","7DT_51",0.08631,NA,NA,NA,0.06573,0.06573,NA,1,2,0,2,1,2,0,0,0,0,0,0,0,"H","18",64.4
"247","8","deltas_PV_170226_2Specimen_RawData_5.csv",246,"2/26/27","","C","G","U",1,"0",NA,NA,NA,NA,NA,NA,NA,NA,NA,2,NA,NA,2,0,1,NA,"",0,"","5/6/19","8CG_unk",0.04714,1,NA,0.004352742,0.00599,0.00599,0.002347595,2,0,6,24,1,0,0,0,6,0,0,0,0,"L","21",69.8
"248","8","deltas_PV_170226_2Specimen_RawData_6.csv",247,"2/26/27","","C","G","70",1,"0",NA,NA,NA,NA,NA,NA,NA,NA,NA,6,NA,NA,6,0,1,NA,"muap",2,"","5/6/19","8CG_70",0.1626,NA,NA,0.007471753,0.00793,0.00739,0.058644402,7,0,8,29,1,0,0,7,0,0,0,0,1,"L","21",69.8
"249","8","deltas_PV_170226_2Specimen_RawData_7.csv",248,"2/26/27","","A","G","U",1,"0",NA,2,NA,NA,NA,NA,NA,NA,NA,21,NA,NA,15,2,1,NA,"",0,"","5/6/19","8AG_unk",0.27619,NA,NA,0.040704407,0.052145,0.02838,0.064999747,8,14,3,22,0,14,2,0,1,0,0,0,0,"L","21",69.8
"250","8","deltas_PV_170226_2Specimen_RawData_8.csv",249,"2/26/27","","A","G","68",1,"0",2,NA,NA,NA,NA,NA,NA,NA,NA,13,NA,NA,9,2,1,NA,"",0,"","5/6/19","8AG_68",0.28868,NA,NA,0.079987534,0.09141,0.1268,0.050252735,8,22,0,22,0,22,0,0,0,0,0,0,0,"L","21",69.8
"251","8","deltas_PV_170226_2Specimen_RawData_9.csv",250,"2/26/27","","A","G","69",1,"0",2,NA,NA,NA,NA,NA,NA,NA,NA,12,NA,NA,8,2,1,NA,"",0,"","5/6/19","8AG_69",0.14711,NA,NA,0.012638081,0.01712,0.00886,0.039224915,8,30,1,37,0,30,0,0,0,0,0,1,0,"L","21",69.8
"252","7","deltas_PV_170226_2Specimen_RawData_10.csv",251,"2/26/27","","A","G","53",1,"0",NA,NA,1,NA,NA,NA,NA,NA,NA,6,NA,NA,2,1,1,NA,"",0,"","5/6/19","7AG_53",0.0332,NA,NA,NA,0.0276,0.0276,NA,1,1,0,1,1,1,0,0,0,0,0,0,0,"H","18",64.4
"253","7","deltas_PV_170226_3Specimen_RawData_1.csv",252,"2/26/27","","A","G","75",1,"0",4,NA,NA,1,NA,NA,NA,NA,NA,22,NA,NA,9,5,1,NA,"",0,"Labelled in instron file as 7AG53, but this must be 7AG75","5/6/19","7AG_53",0.03831,NA,NA,0.022636239,0.02071,0.02071,0.008831587,3,9,0,9,0,9,0,0,0,0,0,0,0,"H","18",64.4
"254","7","deltas_PV_170226_3Specimen_RawData_2.csv",253,"2/26/27","","C","G","50",1,"0",NA,NA,NA,1,NA,NA,NA,NA,NA,10,NA,NA,5,1,1,NA,"",0,"","5/6/19","7CG_50",0.10801,NA,0.09801,NA,0.07747,0.07747,NA,1,8,0,8,0,8,0,0,0,0,0,0,0,"H","18",64.4
"255","7","deltas_PV_170226_3Specimen_RawData_3.csv",254,"2/26/27","","C","G","52",1,"0",NA,NA,NA,NA,NA,NA,NA,NA,NA,8,NA,NA,8,0,1,NA,"mucky plate",2,"","5/6/19","7CG_52",0.04258,NA,NA,0.018525059,0.01169,0.01169,0.0098005,2,0,6,12,1,0,6,0,0,0,0,0,0,"H","18",64.4
"256","7","deltas_PV_170226_3Specimen_RawData_4.csv",255,"2/26/27","","C","G","56",1,"0",NA,1,NA,NA,NA,NA,NA,NA,NA,13,NA,NA,10,1,1,NA,"",0,"","5/6/19","7CG_56",0.48809,NA,NA,0.120580572,0.172805,0.12498,0.130451204,6,16,1,18,0,16,1,0,0,0,0,0,0,"H","18",64.4
"257","4","deltas_PV_170226_3Specimen_RawData_6.csv",256,"2/26/27","","C","T","32-1",1,"0",NA,NA,NA,NA,NA,NA,NA,NA,NA,NA,NA,NA,1,0,1,NA,"1 plaque tested only, because no full byssus",0,"","5/6/19","4CT_32_pl",0.14378,NA,NA,0.127908139,0.07162,0.07162,0.080709168,2,2,0,2,1,2,0,0,0,0,0,0,0,"L","21",69.8
"258","8","deltas_PV_170226_3Specimen_RawData_7.csv",257,"2/26/27","","C","G","71",1,"0",NA,NA,NA,NA,NA,NA,NA,NA,NA,NA,NA,NA,NA,NA,2,NA,"",0,"","5/6/19","8CG_71",0.03895,NA,NA,NA,0.01222,0.01222,NA,1,0,2,4,1,0,2,0,0,0,0,0,0,"L","21",69.8
